"Label (Grouping)","Population 16 years and over with earnings","Median earnings (dollars)","Full-time, year-round workers with earnings","$1 to $9,999 or loss","$10,000 to $14,999","$15,000 to $24,999","$25,000 to $34,999","$35,000 to $49,999","$50,000 to $64,999","$65,000 to $74,999","$75,000 to $99,999","$100,000 or more","Median earnings (dollars)","Mean earnings (dollars)","MEDIAN EARNINGS BY EDUCATIONAL ATTAINMENT","MEDIAN EARNINGS BY EDUCATIONAL ATTAINMENT!!Population 25 years and over with earnings","MEDIAN EARNINGS BY EDUCATIONAL ATTAINMENT!!Less than high school graduate","MEDIAN EARNINGS BY EDUCATIONAL ATTAINMENT!!High school graduate (includes equivalency)","MEDIAN EARNINGS BY EDUCATIONAL ATTAINMENT!!Some college or associate's degree","MEDIAN EARNINGS BY EDUCATIONAL ATTAINMENT!!Bachelor's degree","MEDIAN EARNINGS BY EDUCATIONAL ATTAINMENT!!Graduate or professional degree","PERCENT IMPUTED","PERCENT IMPUTED!!Earnings in the past 12 months"
"Alabama","","","","","","","","","","","","","","","","","","","","","","",""
"    Total","","","","","","","","","","","","","","","","","","","","","","",""
"        Estimate","2,291,063","25,530","1,407,341","2.7%","5.9%","19.0%","18.6%","20.7%","13.4%","5.3%","7.0%","7.5%","(X)","47,386","","30,406","17,366","24,849","30,064","45,502","52,476","","17.3%"
"    Male","","","","","","","","","","","","","","","","","","","","","","",""
"        Estimate","1,196,561","30,953","793,467","2.1%","4.7%","14.9%","16.7%","20.5%","14.9%","6.4%","8.9%","11.0%","41,895","54,855","","36,307","20,549","30,622","37,724","60,017","71,600","","(X)"
"    Female","","","","","","","","","","","","","","","","","","","","","","",""
"        Estimate","1,094,502","21,018","613,874","3.5%","7.4%","24.2%","21.1%","21.1%","11.5%","3.8%","4.4%","2.9%","31,321","37,733","","24,736","13,299","19,165","24,624","36,873","48,801","","(X)"
"Alaska","","","","","","","","","","","","","","","","","","","","","","",""
"    Total","","","","","","","","","","","","","","","","","","","","","","",""
"        Estimate","417,064","32,140","229,990","1.6%","3.7%","11.2%","13.9%","19.2%","18.2%","8.3%","12.0%","11.8%","(X)","59,581","","40,575","20,087","30,617","40,159","51,137","67,634","","14.6%"
"    Male","","","","","","","","","","","","","","","","","","","","","","",""
"        Estimate","232,677","40,408","135,576","1.3%","2.5%","9.8%","12.7%","15.2%","18.7%","10.4%","13.5%","15.7%","56,643","66,610","","49,686","21,458","36,552","49,215","62,488","72,452","","(X)"
"    Female","","","","","","","","","","","","","","","","","","","","","","",""
"        Estimate","184,387","26,618","94,414","2.0%","5.4%","13.2%","15.6%","25.0%","17.5%","5.2%","9.9%","6.1%","42,376","49,486","","31,950","18,387","22,157","32,102","41,816","60,365","","(X)"
"Arizona","","","","","","","","","","","","","","","","","","","","","","",""
"    Total","","","","","","","","","","","","","","","","","","","","","","",""
"        Estimate","3,054,544","27,813","1,843,069","2.1%","4.8%","16.0%","18.0%","21.9%","14.2%","5.3%","8.5%","9.1%","(X)","51,953","","32,106","17,638","25,607","31,751","46,091","60,051","","18.9%"
"    Male","","","","","","","","","","","","","","","","","","","","","","",""
"        Estimate","1,632,223","31,580","1,050,408","1.9%","4.5%","14.1%","15.3%","20.8%","15.1%","5.9%","10.2%","12.3%","43,594","58,435","","37,027","20,865","29,339","38,294","55,139","72,807","","(X)"
"    Female","","","","","","","","","","","","","","","","","","","","","","",""
"        Estimate","1,422,321","24,416","792,661","2.4%","5.3%","18.5%","21.5%","23.5%","13.0%","4.7%","6.4%","4.8%","35,947","43,363","","28,172","14,358","21,971","27,216","39,411","51,047","","(X)"
"Arkansas","","","","","","","","","","","","","","","","","","","","","","",""
"    Total","","","","","","","","","","","","","","","","","","","","","","",""
"        Estimate","1,425,130","23,992","878,613","2.7%","6.2%","22.1%","20.2%","21.5%","11.6%","4.8%","5.5%","5.5%","(X)","43,526","","27,498","18,373","22,895","27,175","41,102","54,036","","16.5%"
"    Male","","","","","","","","","","","","","","","","","","","","","","",""
"        Estimate","741,317","29,038","489,745","2.4%","4.6%","17.6%","18.2%","22.8%","13.4%","5.9%","7.1%","8.0%","39,082","50,124","","32,735","20,821","30,035","35,666","48,518","69,442","","(X)"
"    Female","","","","","","","","","","","","","","","","","","","","","","",""
"        Estimate","683,813","20,242","388,868","3.1%","8.3%","27.7%","22.6%","19.8%","9.3%","3.4%","3.4%","2.3%","29,148","35,216","","22,966","15,848","18,415","23,312","36,184","47,987","","(X)"
"California","","","","","","","","","","","","","","","","","","","","","","",""
"    Total","","","","","","","","","","","","","","","","","","","","","","",""
"        Estimate","18,507,985","30,356","10,910,340","2.2%","4.8%","14.9%","14.1%","18.4%","14.0%","6.4%","10.6%","14.6%","(X)","60,904","","35,645","17,937","27,122","35,735","52,248","74,423","","17.4%"
"    Male","","","","","","","","","","","","","","","","","","","","","","",""
"        Estimate","10,002,980","33,624","6,374,531","1.9%","4.5%","13.9%","13.0%","17.1%","13.9%","6.3%","11.3%","18.0%","49,453","67,259","","40,498","20,942","31,211","41,538","61,989","90,564","","(X)"
"    Female","","","","","","","","","","","","","","","","","","","","","","",""
"        Estimate","8,505,005","25,795","4,535,809","2.5%","5.3%","16.4%","15.6%","20.4%","14.2%","6.4%","9.5%","9.7%","41,302","51,973","","30,800","14,234","22,848","30,686","45,699","61,956","","(X)"
"Colorado","","","","","","","","","","","","","","","","","","","","","","",""
"    Total","","","","","","","","","","","","","","","","","","","","","","",""
"        Estimate","2,829,526","30,440","1,684,873","2.1%","4.3%","12.6%","16.0%","21.0%","15.0%","7.1%","10.0%","11.9%","(X)","57,945","","35,764","19,543","26,852","32,651","45,655","61,536","","15.6%"
"    Male","","","","","","","","","","","","","","","","","","","","","","",""
"        Estimate","1,518,814","35,465","977,373","1.9%","3.8%","10.7%","13.9%","19.3%","15.5%","7.7%","11.3%","16.0%","50,237","65,319","","41,476","23,122","31,662","40,093","55,842","79,911","","(X)"
"    Female","","","","","","","","","","","","","","","","","","","","","","",""
"        Estimate","1,310,712","25,392","707,500","2.5%","5.0%","15.2%","19.0%","23.4%","14.3%","6.3%","8.1%","6.3%","39,638","47,758","","30,280","14,518","21,972","27,734","36,750","50,243","","(X)"
"Connecticut","","","","","","","","","","","","","","","","","","","","","","",""
"    Total","","","","","","","","","","","","","","","","","","","","","","",""
"        Estimate","1,970,232","35,926","1,170,110","1.5%","2.1%","9.7%","12.7%","19.5%","17.0%","8.1%","12.6%","16.7%","(X)","71,850","","41,993","21,807","31,553","39,035","56,329","74,050","","17.4%"
"    Male","","","","","","","","","","","","","","","","","","","","","","",""
"        Estimate","1,016,971","42,639","662,078","1.3%","1.7%","8.0%","10.3%","17.0%","17.2%","8.2%","13.7%","22.5%","60,168","84,265","","50,781","25,273","39,273","46,219","69,222","92,756","","(X)"
"    Female","","","","","","","","","","","","","","","","","","","","","","",""
"        Estimate","953,261","30,089","508,032","1.8%","2.6%","11.8%","15.8%","22.8%","16.7%","8.0%","11.2%","9.3%","46,004","55,670","","35,378","18,974","24,743","32,370","45,965","61,455","","(X)"
"Delaware","","","","","","","","","","","","","","","","","","","","","","",""
"    Total","","","","","","","","","","","","","","","","","","","","","","",""
"        Estimate","466,437","31,435","291,644","1.3%","3.7%","13.2%","17.3%","22.4%","15.0%","7.7%","9.2%","10.2%","(X)","54,959","","36,707","20,888","29,043","36,140","48,943","67,628","","17.6%"
"    Male","","","","","","","","","","","","","","","","","","","","","","",""
"        Estimate","234,286","36,194","154,536","1.0%","3.2%","11.4%","15.0%","20.3%","15.3%","8.4%","11.0%","14.5%","49,013","62,697","","41,943","23,061","33,045","41,586","55,705","88,085","","(X)"
"    Female","","","","","","","","","","","","","","","","","","","","","","",""
"        Estimate","232,151","27,259","137,108","1.7%","4.2%","15.2%","20.0%","24.7%","14.7%","6.8%","7.2%","5.4%","39,508","46,237","","31,966","17,509","24,707","31,019","41,992","53,107","","(X)"
"Florida","","","","","","","","","","","","","","","","","","","","","","",""
"    Total","","","","","","","","","","","","","","","","","","","","","","",""
"        Estimate","9,088,169","26,045","5,575,912","2.5%","5.5%","19.0%","19.4%","21.0%","13.1%","4.7%","6.8%","8.0%","(X)","48,822","","30,108","16,904","23,936","30,092","41,992","55,005","","18.5%"
"    Male","","","","","","","","","","","","","","","","","","","","","","",""
"        Estimate","4,714,318","29,480","3,048,468","2.4%","4.8%","16.8%","17.2%","19.8%","14.1%","5.3%","8.4%","11.2%","40,731","55,661","","32,428","19,127","26,588","34,314","50,583","67,948","","(X)"
"    Female","","","","","","","","","","","","","","","","","","","","","","",""
"        Estimate","4,373,851","23,165","2,527,444","2.6%","6.3%","21.7%","21.9%","22.5%","12.0%","4.0%","4.9%","4.2%","32,762","40,573","","26,448","14,443","21,260","26,256","37,964","46,985","","(X)"
"Georgia","","","","","","","","","","","","","","","","","","","","","","",""
"    Total","","","","","","","","","","","","","","","","","","","","","","",""
"        Estimate","4,773,377","27,288","3,018,333","2.4%","5.4%","17.3%","17.9%","19.9%","14.2%","5.5%","7.8%","9.6%","(X)","51,749","","31,576","17,175","25,278","30,796","48,474","61,061","","19.6%"
"    Male","","","","","","","","","","","","","","","","","","","","","","",""
"        Estimate","2,486,595","31,655","1,673,562","1.9%","4.3%","14.7%","16.1%","19.5%","14.8%","5.9%","9.4%","13.4%","43,344","59,177","","37,148","19,567","30,066","37,315","60,281","79,386","","(X)"
"    Female","","","","","","","","","","","","","","","","","","","","","","",""
"        Estimate","2,286,782","23,366","1,344,771","2.9%","6.6%","20.7%","20.1%","20.5%","13.6%","4.9%","5.8%","4.9%","34,709","42,505","","26,995","14,155","20,955","25,880","40,012","52,077","","(X)"
"Hawaii","","","","","","","","","","","","","","","","","","","","","","",""
"    Total","","","","","","","","","","","","","","","","","","","","","","",""
"        Estimate","738,041","31,119","478,065","2.4%","3.7%","14.6%","19.8%","22.0%","15.6%","6.2%","8.0%","7.7%","(X)","49,965","","35,202","18,662","28,921","33,917","43,487","61,009","","20.6%"
"    Male","","","","","","","","","","","","","","","","","","","","","","",""
"        Estimate","392,496","35,492","270,707","2.3%","3.8%","12.9%","16.8%","19.4%","17.1%","7.4%","10.1%","10.2%","45,443","55,182","","40,853","20,307","31,927","40,961","51,202","70,734","","(X)"
"    Female","","","","","","","","","","","","","","","","","","","","","","",""
"        Estimate","345,545","27,240","207,358","2.6%","3.5%","16.7%","23.8%","25.5%","13.7%","4.6%","5.3%","4.3%","36,242","43,155","","30,750","17,540","25,262","29,599","38,269","52,122","","(X)"
"Idaho","","","","","","","","","","","","","","","","","","","","","","",""
"    Total","","","","","","","","","","","","","","","","","","","","","","",""
"        Estimate","800,869","23,109","436,816","2.5%","6.1%","18.6%","20.7%","21.5%","12.7%","5.2%","6.4%","6.4%","(X)","46,044","","27,388","17,634","23,617","26,330","39,171","53,652","","15.4%"
"    Male","","","","","","","","","","","","","","","","","","","","","","",""
"        Estimate","429,802","28,305","256,281","1.9%","4.6%","13.8%","18.6%","22.0%","14.0%","6.7%","8.8%","9.5%","41,128","53,496","","32,397","21,744","27,446","32,417","50,031","70,651","","(X)"
"    Female","","","","","","","","","","","","","","","","","","","","","","",""
"        Estimate","371,067","18,772","180,535","3.3%","8.1%","25.4%","23.6%","20.8%","10.8%","2.9%","3.1%","1.9%","30,403","35,465","","22,205","13,063","19,097","21,436","30,851","45,771","","(X)"
"Illinois","","","","","","","","","","","","","","","","","","","","","","",""
"    Total","","","","","","","","","","","","","","","","","","","","","","",""
"        Estimate","6,680,671","30,462","4,019,526","1.7%","3.7%","14.4%","15.9%","20.4%","15.8%","6.5%","9.9%","11.6%","(X)","58,273","","35,687","20,413","26,860","32,067","49,478","65,275","","17.8%"
"    Male","","","","","","","","","","","","","","","","","","","","","","",""
"        Estimate","3,476,691","36,240","2,262,746","1.6%","2.9%","11.8%","13.5%","19.0%","16.6%","7.2%","11.9%","15.6%","50,549","66,762","","41,883","22,648","32,052","40,780","60,975","81,130","","(X)"
"    Female","","","","","","","","","","","","","","","","","","","","","","",""
"        Estimate","3,203,980","25,004","1,756,780","1.9%","4.8%","17.7%","18.9%","22.3%","14.8%","5.7%","7.3%","6.5%","38,638","47,339","","29,640","16,145","21,776","26,825","40,626","53,981","","(X)"
"Indiana","","","","","","","","","","","","","","","","","","","","","","",""
"    Total","","","","","","","","","","","","","","","","","","","","","","",""
"        Estimate","3,333,438","26,708","1,944,182","1.9%","4.1%","16.5%","19.8%","22.6%","15.2%","5.7%","7.5%","6.7%","(X)","48,992","","31,372","18,744","26,300","30,942","42,884","57,526","","14.7%"
"    Male","","","","","","","","","","","","","","","","","","","","","","",""
"        Estimate","1,747,560","32,248","1,103,468","1.5%","2.9%","12.1%","16.7%","23.1%","17.3%","7.1%","9.9%","9.6%","44,851","56,431","","38,374","21,356","32,153","40,093","52,033","70,825","","(X)"
"    Female","","","","","","","","","","","","","","","","","","","","","","",""
"        Estimate","1,585,878","21,513","840,714","2.4%","5.8%","22.2%","23.9%","22.0%","12.4%","3.9%","4.4%","3.0%","32,221","39,229","","25,586","14,683","20,749","25,042","36,475","50,604","","(X)"
"Iowa","","","","","","","","","","","","","","","","","","","","","","",""
"    Total","","","","","","","","","","","","","","","","","","","","","","",""
"        Estimate","1,742,859","27,001","1,052,108","2.5%","3.7%","16.0%","20.4%","25.0%","15.5%","4.9%","6.1%","5.9%","(X)","46,998","","31,761","19,631","26,164","31,143","41,632","55,940","","14.3%"
"    Male","","","","","","","","","","","","","","","","","","","","","","",""
"        Estimate","909,893","32,016","595,348","2.2%","2.7%","12.2%","17.7%","25.2%","17.5%","5.9%","7.8%","8.8%","42,250","53,648","","37,399","21,704","31,471","37,891","51,479","66,079","","(X)"
"    Female","","","","","","","","","","","","","","","","","","","","","","",""
"        Estimate","832,966","22,174","456,760","2.9%","5.0%","20.8%","24.0%","24.7%","13.0%","3.6%","3.9%","2.2%","33,186","38,331","","26,617","16,052","20,750","25,724","36,036","50,398","","(X)"
"Kansas","","","","","","","","","","","","","","","","","","","","","","",""
"    Total","","","","","","","","","","","","","","","","","","","","","","",""
"        Estimate","1,567,103","27,025","964,894","2.7%","4.8%","16.6%","19.2%","22.3%","14.6%","5.2%","7.5%","7.1%","(X)","49,197","","31,794","19,937","25,362","30,298","42,036","55,046","","13.7%"
"    Male","","","","","","","","","","","","","","","","","","","","","","",""
"        Estimate","821,680","32,265","548,768","2.2%","3.6%","12.9%","16.3%","22.0%","17.1%","6.2%","9.5%","10.3%","43,773","56,731","","39,137","22,918","31,183","36,623","53,036","66,370","","(X)"
"    Female","","","","","","","","","","","","","","","","","","","","","","",""
"        Estimate","745,423","21,811","416,126","3.3%","6.3%","21.5%","23.0%","22.7%","11.3%","4.0%","5.0%","3.0%","32,204","39,262","","26,345","14,184","19,447","24,571","35,675","46,869","","(X)"
"Kentucky","","","","","","","","","","","","","","","","","","","","","","",""
"    Total","","","","","","","","","","","","","","","","","","","","","","",""
"        Estimate","2,118,762","25,169","1,282,026","2.8%","5.7%","19.7%","19.1%","21.5%","14.2%","4.9%","6.3%","6.0%","(X)","46,219","","30,294","17,635","24,355","30,207","42,150","51,576","","14.9%"
"    Male","","","","","","","","","","","","","","","","","","","","","","",""
"        Estimate","1,112,896","30,223","722,933","2.6%","4.6%","16.7%","16.7%","21.1%","16.2%","6.0%","7.5%","8.7%","40,911","52,996","","35,184","20,590","29,703","36,786","52,300","61,858","","(X)"
"    Female","","","","","","","","","","","","","","","","","","","","","","",""
"        Estimate","1,005,866","21,283","559,093","3.0%","7.2%","23.5%","22.2%","22.0%","11.5%","3.5%","4.6%","2.5%","31,628","37,455","","25,391","14,092","20,389","25,315","36,333","47,291","","(X)"
"Louisiana","","","","","","","","","","","","","","","","","","","","","","",""
"    Total","","","","","","","","","","","","","","","","","","","","","","",""
"        Estimate","2,259,081","26,566","1,419,357","2.4%","7.1%","18.8%","17.1%","19.8%","14.3%","5.2%","7.5%","7.7%","(X)","48,270","","31,528","18,120","26,419","30,827","45,181","54,014","","20.8%"
"    Male","","","","","","","","","","","","","","","","","","","","","","",""
"        Estimate","1,171,623","34,495","784,437","1.8%","4.4%","14.0%","14.9%","19.6%","16.8%","6.4%","10.5%","11.5%","45,524","57,585","","40,629","24,377","35,733","41,635","53,293","70,151","","(X)"
"    Female","","","","","","","","","","","","","","","","","","","","","","",""
"        Estimate","1,087,458","21,107","634,920","3.2%","10.5%","24.8%","19.9%","20.2%","11.2%","3.6%","3.7%","2.9%","30,600","36,760","","24,690","12,492","19,826","23,932","39,721","48,549","","(X)"
"Maine","","","","","","","","","","","","","","","","","","","","","","",""
"    Total","","","","","","","","","","","","","","","","","","","","","","",""
"        Estimate","737,455","26,621","425,691","2.0%","3.5%","15.5%","21.4%","23.8%","15.7%","5.8%","6.6%","5.8%","(X)","48,184","","30,965","19,903","25,114","30,325","40,932","52,071","","12.6%"
"    Male","","","","","","","","","","","","","","","","","","","","","","",""
"        Estimate","374,626","31,306","232,862","1.8%","2.8%","11.7%","18.2%","24.1%","17.8%","6.5%","8.6%","8.4%","43,029","55,279","","36,181","21,840","30,946","36,091","48,693","62,191","","(X)"
"    Female","","","","","","","","","","","","","","","","","","","","","","",""
"        Estimate","362,829","22,579","192,829","2.1%","4.3%","20.1%","25.2%","23.3%","13.1%","5.0%","4.2%","2.7%","33,873","39,616","","26,273","13,872","19,991","25,920","35,961","48,299","","(X)"
"Maryland","","","","","","","","","","","","","","","","","","","","","","",""
"    Total","","","","","","","","","","","","","","","","","","","","","","",""
"        Estimate","3,221,527","38,214","2,115,370","1.4%","2.8%","9.9%","13.3%","19.2%","16.8%","7.1%","12.4%","17.2%","(X)","66,172","","44,240","21,684","31,627","41,279","55,616","78,316","","16.3%"
"    Male","","","","","","","","","","","","","","","","","","","","","","",""
"        Estimate","1,628,234","42,610","1,140,216","1.2%","2.3%","9.2%","11.3%","17.1%","16.6%","7.1%","13.3%","22.0%","57,017","74,294","","50,698","25,479","36,748","47,438","66,800","95,636","","(X)"
"    Female","","","","","","","","","","","","","","","","","","","","","","",""
"        Estimate","1,593,293","33,022","975,154","1.6%","3.5%","10.7%","15.5%","21.7%","17.0%","7.1%","11.5%","11.4%","47,175","56,675","","39,419","16,838","27,181","36,477","48,578","65,720","","(X)"
"Massachusetts","","","","","","","","","","","","","","","","","","","","","","",""
"    Total","","","","","","","","","","","","","","","","","","","","","","",""
"        Estimate","3,674,297","35,547","2,143,555","1.3%","2.1%","8.9%","13.4%","20.6%","17.6%","7.8%","12.3%","16.1%","(X)","68,422","","41,800","20,850","31,030","37,127","52,457","68,607","","19.3%"
"    Male","","","","","","","","","","","","","","","","","","","","","","",""
"        Estimate","1,869,771","41,587","1,207,417","1.1%","1.7%","7.1%","11.4%","18.4%","17.8%","7.4%","13.8%","21.2%","56,959","78,162","","50,190","24,852","36,986","44,987","64,396","86,731","","(X)"
"    Female","","","","","","","","","","","","","","","","","","","","","","",""
"        Estimate","1,804,526","30,274","936,138","1.6%","2.6%","11.1%","15.9%","23.5%","17.4%","8.2%","10.4%","9.5%","46,213","55,859","","35,871","16,856","25,112","31,658","45,399","58,782","","(X)"
"Michigan","","","","","","","","","","","","","","","","","","","","","","",""
"    Total","","","","","","","","","","","","","","","","","","","","","","",""
"        Estimate","4,812,965","26,162","2,635,315","2.4%","4.4%","14.1%","17.3%","20.5%","16.2%","6.9%","9.6%","8.7%","(X)","52,921","","31,617","16,633","24,180","30,254","46,045","65,162","","15.8%"
"    Male","","","","","","","","","","","","","","","","","","","","","","",""
"        Estimate","2,471,591","31,624","1,474,737","2.2%","3.6%","10.9%","14.3%","19.8%","17.3%","7.8%","11.9%","12.2%","48,953","60,460","","39,067","19,477","29,913","37,421","57,266","76,612","","(X)"
"    Female","","","","","","","","","","","","","","","","","","","","","","",""
"        Estimate","2,341,374","21,460","1,160,578","2.6%","5.3%","18.2%","21.1%","21.3%","14.7%","5.7%","6.7%","4.3%","36,413","43,342","","26,361","13,404","19,635","24,723","36,799","56,631","","(X)"
"Minnesota","","","","","","","","","","","","","","","","","","","","","","",""
"    Total","","","","","","","","","","","","","","","","","","","","","","",""
"        Estimate","3,040,605","30,939","1,771,573","1.8%","3.0%","11.8%","16.7%","23.8%","16.3%","6.7%","9.2%","10.6%","(X)","56,950","","36,282","19,579","27,286","33,515","48,562","62,378","","13.8%"
"    Male","","","","","","","","","","","","","","","","","","","","","","",""
"        Estimate","1,576,627","36,453","1,008,622","1.7%","2.7%","9.2%","13.8%","22.4%","17.6%","7.4%","11.0%","14.2%","50,081","64,442","","41,730","21,575","31,992","40,586","57,560","75,078","","(X)"
"    Female","","","","","","","","","","","","","","","","","","","","","","",""
"        Estimate","1,463,978","25,850","762,951","2.0%","3.5%","15.2%","20.5%","25.8%","14.7%","5.7%","6.9%","5.7%","39,289","47,047","","30,808","15,718","21,924","28,628","40,703","55,421","","(X)"
"Mississippi","","","","","","","","","","","","","","","","","","","","","","",""
"    Total","","","","","","","","","","","","","","","","","","","","","","",""
"        Estimate","1,358,907","24,430","865,780","2.8%","8.1%","21.4%","20.1%","21.2%","12.1%","4.1%","5.1%","5.0%","(X)","42,268","","27,941","16,407","23,760","28,255","37,726","49,025","","19.1%"
"    Male","","","","","","","","","","","","","","","","","","","","","","",""
"        Estimate","705,882","29,456","470,222","2.7%","5.7%","17.4%","17.7%","22.7%","14.5%","5.2%","6.5%","7.7%","38,613","48,778","","33,148","20,034","30,268","35,958","47,946","60,769","","(X)"
"    Female","","","","","","","","","","","","","","","","","","","","","","",""
"        Estimate","653,025","20,837","395,558","2.9%","11.0%","26.2%","23.0%","19.4%","9.3%","2.8%","3.5%","1.8%","28,879","34,529","","23,386","12,345","18,890","22,814","33,534","41,945","","(X)"
"Missouri","","","","","","","","","","","","","","","","","","","","","","",""
"    Total","","","","","","","","","","","","","","","","","","","","","","",""
"        Estimate","3,139,344","26,603","1,909,317","2.4%","4.8%","17.3%","19.9%","21.8%","14.1%","5.3%","7.3%","7.1%","(X)","48,619","","31,206","17,712","25,051","30,542","41,770","55,277","","16.6%"
"    Male","","","","","","","","","","","","","","","","","","","","","","",""
"        Estimate","1,604,144","31,257","1,035,659","2.3%","3.7%","13.9%","17.1%","21.2%","16.0%","6.1%","9.4%","10.4%","42,282","55,989","","36,693","21,350","30,160","36,305","52,262","70,370","","(X)"
"    Female","","","","","","","","","","","","","","","","","","","","","","",""
"        Estimate","1,535,200","22,391","873,658","2.5%","6.0%","21.4%","23.3%","22.5%","11.9%","4.3%","4.7%","3.2%","32,481","39,882","","26,693","13,824","20,688","26,242","35,321","48,023","","(X)"
"Montana","","","","","","","","","","","","","","","","","","","","","","",""
"    Total","","","","","","","","","","","","","","","","","","","","","","",""
"        Estimate","551,158","23,606","305,026","2.9%","5.8%","18.4%","20.5%","21.3%","14.1%","4.8%","6.3%","5.9%","(X)","44,976","","28,078","17,117","23,290","26,219","33,809","49,119","","15.6%"
"    Male","","","","","","","","","","","","","","","","","","","","","","",""
"        Estimate","289,934","29,574","175,146","2.5%","3.7%","13.8%","18.2%","22.4%","16.3%","6.2%","8.8%","8.1%","41,339","51,396","","34,142","22,767","28,398","33,941","41,507","60,373","","(X)"
"    Female","","","","","","","","","","","","","","","","","","","","","","",""
"        Estimate","261,224","19,647","129,880","3.5%","8.6%","24.7%","23.6%","19.8%","11.1%","2.9%","2.9%","3.0%","30,306","36,319","","22,738","12,665","18,668","21,181","30,212","42,083","","(X)"
"Nebraska","","","","","","","","","","","","","","","","","","","","","","",""
"    Total","","","","","","","","","","","","","","","","","","","","","","",""
"        Estimate","1,054,732","26,475","652,232","2.7%","4.4%","17.1%","20.8%","23.2%","13.4%","5.2%","6.9%","6.3%","(X)","47,086","","31,356","20,222","25,392","30,005","40,820","54,969","","13.6%"
"    Male","","","","","","","","","","","","","","","","","","","","","","",""
"        Estimate","546,990","31,787","372,649","2.6%","3.3%","13.2%","18.0%","23.0%","15.3%","6.7%","8.9%","9.0%","41,929","53,849","","37,441","22,882","31,313","36,421","50,573","68,515","","(X)"
"    Female","","","","","","","","","","","","","","","","","","","","","","",""
"        Estimate","507,742","21,615","279,583","2.9%","5.8%","22.3%","24.4%","23.5%","10.8%","3.2%","4.4%","2.7%","32,022","38,071","","25,680","16,111","19,781","24,101","34,728","47,292","","(X)"
"Nevada","","","","","","","","","","","","","","","","","","","","","","",""
"    Total","","","","","","","","","","","","","","","","","","","","","","",""
"        Estimate","1,383,845","29,526","849,022","2.1%","4.3%","15.6%","20.3%","20.9%","14.3%","5.7%","8.6%","8.3%","(X)","51,500","","31,973","22,101","28,844","33,812","42,498","64,184","","18.8%"
"    Male","","","","","","","","","","","","","","","","","","","","","","",""
"        Estimate","746,023","31,978","477,545","2.0%","3.8%","13.2%","17.8%","19.7%","15.5%","6.5%","10.6%","10.9%","42,689","57,095","","36,381","25,457","31,701","38,737","50,677","76,021","","(X)"
"    Female","","","","","","","","","","","","","","","","","","","","","","",""
"        Estimate","637,822","25,895","371,477","2.2%","4.9%","18.7%","23.5%","22.5%","12.7%","4.6%","6.0%","4.9%","35,363","44,307","","28,847","19,264","25,671","30,174","38,515","55,749","","(X)"
"New Hampshire","","","","","","","","","","","","","","","","","","","","","","",""
"    Total","","","","","","","","","","","","","","","","","","","","","","",""
"        Estimate","766,561","32,207","461,078","1.3%","2.9%","10.8%","17.5%","21.9%","17.6%","6.7%","9.6%","11.7%","(X)","58,675","","38,050","22,637","31,204","35,772","46,991","63,294","","16.6%"
"    Male","","","","","","","","","","","","","","","","","","","","","","",""
"        Estimate","395,532","40,027","264,327","1.3%","2.4%","7.3%","15.2%","19.9%","18.4%","7.2%","11.4%","16.9%","51,530","67,852","","45,971","29,212","36,543","43,127","62,010","84,062","","(X)"
"    Female","","","","","","","","","","","","","","","","","","","","","","",""
"        Estimate","371,029","26,297","196,751","1.4%","3.6%","15.5%","20.5%","24.6%","16.5%","6.0%","7.1%","4.8%","40,185","46,345","","31,232","17,145","24,758","29,322","37,257","51,441","","(X)"
"New Jersey","","","","","","","","","","","","","","","","","","","","","","",""
"    Total","","","","","","","","","","","","","","","","","","","","","","",""
"        Estimate","4,621,333","37,230","2,956,636","1.3%","3.0%","11.1%","12.8%","18.0%","15.9%","7.3%","12.5%","18.0%","(X)","69,672","","42,473","21,463","31,295","40,213","57,081","80,417","","18.7%"
"    Male","","","","","","","","","","","","","","","","","","","","","","",""
"        Estimate","2,420,454","44,414","1,685,774","1.2%","2.4%","9.6%","11.1%","15.8%","15.7%","7.4%","13.0%","23.8%","57,978","80,071","","51,069","25,051","38,066","48,705","70,462","97,202","","(X)"
"    Female","","","","","","","","","","","","","","","","","","","","","","",""
"        Estimate","2,200,879","31,121","1,270,862","1.5%","3.9%","13.1%","15.2%","20.9%","16.1%","7.2%","11.8%","10.4%","45,936","55,879","","36,221","17,269","25,355","32,361","49,609","66,429","","(X)"
"New Mexico","","","","","","","","","","","","","","","","","","","","","","",""
"    Total","","","","","","","","","","","","","","","","","","","","","","",""
"        Estimate","996,612","25,481","615,128","3.1%","6.1%","19.1%","18.0%","21.1%","13.0%","5.5%","7.2%","6.9%","(X)","46,372","","30,125","16,636","24,540","30,101","41,639","51,771","","17.8%"
"    Male","","","","","","","","","","","","","","","","","","","","","","",""
"        Estimate","527,135","29,909","346,536","2.5%","4.4%","16.9%","16.8%","21.3%","13.7%","6.4%","8.5%","9.5%","41,023","51,573","","34,823","19,298","28,588","36,852","48,614","65,444","","(X)"
"    Female","","","","","","","","","","","","","","","","","","","","","","",""
"        Estimate","469,477","21,379","268,592","3.9%","8.3%","22.0%","19.5%","20.8%","12.0%","4.2%","5.5%","3.6%","32,234","39,662","","25,118","12,771","20,126","25,002","36,270","45,643","","(X)"
"New York","","","","","","","","","","","","","","","","","","","","","","",""
"    Total","","","","","","","","","","","","","","","","","","","","","","",""
"        Estimate","10,016,259","32,088","6,315,556","2.1%","3.8%","12.9%","15.4%","20.3%","15.5%","6.3%","10.4%","13.4%","(X)","62,837","","37,757","19,777","28,636","35,824","51,219","66,529","","20.9%"
"    Male","","","","","","","","","","","","","","","","","","","","","","",""
"        Estimate","5,166,443","37,063","3,513,784","1.9%","3.5%","12.1%","13.2%","18.8%","15.7%","6.5%","11.1%","17.2%","50,228","70,791","","42,129","22,107","32,836","41,896","60,094","81,170","","(X)"
"    Female","","","","","","","","","","","","","","","","","","","","","","",""
"        Estimate","4,849,816","28,902","2,801,772","2.3%","4.1%","13.9%","18.0%","22.1%","15.2%","6.1%","9.4%","8.8%","41,570","52,862","","32,468","15,495","23,477","31,072","45,396","58,648","","(X)"
"North Carolina","","","","","","","","","","","","","","","","","","","","","","",""
"    Total","","","","","","","","","","","","","","","","","","","","","","",""
"        Estimate","4,833,586","26,398","2,901,282","2.2%","5.1%","17.3%","20.6%","22.3%","13.0%","5.0%","6.7%","7.8%","(X)","49,060","","30,724","16,371","24,973","30,068","42,247","54,611","","16.6%"
"    Male","","","","","","","","","","","","","","","","","","","","","","",""
"        Estimate","2,510,958","30,397","1,628,669","1.9%","4.3%","14.9%","18.4%","21.6%","13.9%","5.7%","8.3%","11.0%","41,138","55,933","","34,904","18,498","28,622","35,821","52,138","73,050","","(X)"
"    Female","","","","","","","","","","","","","","","","","","","","","","",""
"        Estimate","2,322,628","22,777","1,272,613","2.6%","6.1%","20.4%","23.4%","23.3%","11.9%","4.0%","4.6%","3.7%","33,188","40,264","","26,655","13,040","20,828","25,583","36,991","47,160","","(X)"
"North Dakota","","","","","","","","","","","","","","","","","","","","","","",""
"    Total","","","","","","","","","","","","","","","","","","","","","","",""
"        Estimate","409,908","27,142","250,251","2.9%","4.0%","17.0%","21.6%","23.8%","13.6%","5.2%","6.4%","5.4%","(X)","46,127","","31,927","19,900","26,332","30,809","40,188","52,295","","14.2%"
"    Male","","","","","","","","","","","","","","","","","","","","","","",""
"        Estimate","219,706","32,941","146,557","3.1%","3.2%","12.0%","17.2%","24.4%","16.6%","6.6%","8.9%","8.2%","42,214","53,303","","40,275","23,738","32,995","38,867","48,949","61,705","","(X)"
"    Female","","","","","","","","","","","","","","","","","","","","","","",""
"        Estimate","190,202","21,808","103,694","2.7%","5.2%","24.1%","27.8%","23.1%","9.4%","3.3%","2.9%","1.5%","31,027","35,985","","26,210","15,575","20,626","23,096","33,648","48,712","","(X)"
"Ohio","","","","","","","","","","","","","","","","","","","","","","",""
"    Total","","","","","","","","","","","","","","","","","","","","","","",""
"        Estimate","5,913,851","27,109","3,490,498","2.1%","4.0%","15.5%","18.3%","22.8%","15.6%","6.2%","7.7%","7.8%","(X)","50,705","","31,858","17,012","26,028","31,004","45,534","60,798","","15.2%"
"    Male","","","","","","","","","","","","","","","","","","","","","","",""
"        Estimate","3,038,881","32,340","1,949,771","2.0%","3.2%","11.9%","15.4%","22.7%","17.1%","7.2%","9.7%","10.9%","45,859","57,746","","38,737","20,548","31,739","37,334","56,013","72,404","","(X)"
"    Female","","","","","","","","","","","","","","","","","","","","","","",""
"        Estimate","2,874,970","22,265","1,540,727","2.3%","5.1%","20.0%","21.9%","23.0%","13.7%","4.9%","5.3%","3.8%","35,284","41,796","","26,588","13,796","20,821","26,242","36,911","51,924","","(X)"
"Oklahoma","","","","","","","","","","","","","","","","","","","","","","",""
"    Total","","","","","","","","","","","","","","","","","","","","","","",""
"        Estimate","1,914,815","25,275","1,198,824","2.7%","6.1%","20.0%","19.8%","21.7%","12.8%","4.5%","5.9%","6.4%","(X)","45,248","","30,199","17,745","23,999","29,424","40,926","50,793","","16.5%"
"    Male","","","","","","","","","","","","","","","","","","","","","","",""
"        Estimate","1,015,393","30,752","686,555","2.6%","4.8%","15.8%","18.0%","20.9%","15.0%","5.8%","7.7%","9.5%","40,458","52,217","","35,623","21,513","29,765","35,949","51,161","65,773","","(X)"
"    Female","","","","","","","","","","","","","","","","","","","","","","",""
"        Estimate","899,422","20,392","512,269","2.9%","7.8%","25.7%","22.3%","22.9%","9.8%","2.8%","3.6%","2.2%","30,901","35,908","","23,696","14,067","18,399","22,510","35,561","42,704","","(X)"
"Oregon","","","","","","","","","","","","","","","","","","","","","","",""
"    Total","","","","","","","","","","","","","","","","","","","","","","",""
"        Estimate","1,984,019","25,719","1,076,497","2.5%","4.2%","16.2%","17.4%","21.9%","14.0%","6.2%","8.3%","9.3%","(X)","51,994","","30,439","17,970","24,147","28,783","41,884","54,217","","13.0%"
"    Male","","","","","","","","","","","","","","","","","","","","","","",""
"        Estimate","1,029,471","30,826","612,911","2.2%","3.3%","13.7%","14.2%","21.3%","15.3%","6.9%","10.1%","12.9%","45,685","58,752","","36,325","22,002","27,918","35,709","51,774","69,005","","(X)"
"    Female","","","","","","","","","","","","","","","","","","","","","","",""
"        Estimate","954,548","21,664","463,586","2.8%","5.4%","19.6%","21.5%","22.7%","12.3%","5.1%","6.0%","4.6%","35,301","43,059","","25,296","13,258","20,895","24,438","33,889","45,301","","(X)"
"Pennsylvania","","","","","","","","","","","","","","","","","","","","","","",""
"    Total","","","","","","","","","","","","","","","","","","","","","","",""
"        Estimate","6,661,056","29,294","3,984,493","1.9%","3.6%","14.2%","18.2%","22.3%","15.3%","6.3%","8.5%","9.7%","(X)","54,539","","34,229","19,537","26,785","32,391","46,904","63,065","","16.8%"
"    Male","","","","","","","","","","","","","","","","","","","","","","",""
"        Estimate","3,457,198","35,418","2,254,554","1.8%","2.7%","10.7%","15.5%","22.2%","16.7%","7.0%","10.1%","13.3%","47,038","62,270","","40,888","24,143","32,474","40,417","57,190","77,132","","(X)"
"    Female","","","","","","","","","","","","","","","","","","","","","","",""
"        Estimate","3,203,858","23,363","1,729,939","2.1%","4.7%","18.7%","21.6%","22.5%","13.6%","5.5%","6.5%","4.9%","36,338","44,463","","27,809","14,185","21,134","27,396","39,319","54,246","","(X)"
"Rhode Island","","","","","","","","","","","","","","","","","","","","","","",""
"    Total","","","","","","","","","","","","","","","","","","","","","","",""
"        Estimate","563,680","30,606","321,075","1.4%","3.4%","12.9%","16.0%","21.5%","15.5%","7.8%","10.5%","10.9%","(X)","57,540","","36,919","20,035","28,854","33,739","51,115","64,610","","19.3%"
"    Male","","","","","","","","","","","","","","","","","","","","","","",""
"        Estimate","280,754","35,216","173,514","1.3%","3.5%","11.2%","12.6%","20.2%","16.8%","8.2%","11.5%","14.6%","50,567","64,714","","41,997","24,148","35,621","40,802","58,737","73,770","","(X)"
"    Female","","","","","","","","","","","","","","","","","","","","","","",""
"        Estimate","282,926","26,582","147,561","1.4%","3.2%","15.0%","20.2%","23.1%","14.1%","7.3%","9.4%","6.5%","40,532","49,103","","32,011","17,712","23,217","30,321","44,868","57,110","","(X)"
"South Carolina","","","","","","","","","","","","","","","","","","","","","","",""
"    Total","","","","","","","","","","","","","","","","","","","","","","",""
"        Estimate","2,284,433","25,558","1,382,187","2.1%","4.9%","19.0%","20.4%","22.4%","14.1%","4.5%","6.2%","6.4%","(X)","46,590","","30,362","17,251","24,889","29,814","41,120","51,418","","19.4%"
"    Male","","","","","","","","","","","","","","","","","","","","","","",""
"        Estimate","1,173,310","30,589","760,878","1.8%","3.6%","15.3%","17.4%","22.8%","16.3%","5.3%","8.1%","9.5%","41,381","53,812","","35,866","20,487","30,431","37,067","51,375","61,878","","(X)"
"    Female","","","","","","","","","","","","","","","","","","","","","","",""
"        Estimate","1,111,123","21,509","621,309","2.5%","6.5%","23.4%","24.1%","21.9%","11.5%","3.4%","3.9%","2.7%","31,518","37,745","","25,469","13,956","20,347","24,907","33,328","46,789","","(X)"
"South Dakota","","","","","","","","","","","","","","","","","","","","","","",""
"    Total","","","","","","","","","","","","","","","","","","","","","","",""
"        Estimate","469,152","25,706","290,636","2.7%","4.1%","19.3%","24.7%","23.9%","11.7%","3.6%","5.1%","5.0%","(X)","43,873","","30,246","19,313","24,637","29,303","36,955","50,567","","12.3%"
"    Male","","","","","","","","","","","","","","","","","","","","","","",""
"        Estimate","245,619","30,292","167,608","2.5%","3.4%","16.1%","21.5%","24.2%","13.6%","4.8%","6.7%","7.3%","37,442","50,060","","34,672","21,695","28,868","34,630","43,530","60,851","","(X)"
"    Female","","","","","","","","","","","","","","","","","","","","","","",""
"        Estimate","223,533","21,601","123,028","2.9%","5.1%","23.5%","29.1%","23.4%","9.1%","2.1%","2.8%","2.0%","30,876","35,445","","25,673","15,676","20,332","25,038","32,401","41,174","","(X)"
"Tennessee","","","","","","","","","","","","","","","","","","","","","","",""
"    Total","","","","","","","","","","","","","","","","","","","","","","",""
"        Estimate","3,155,356","25,936","1,912,721","2.0%","5.1%","18.6%","20.8%","21.7%","13.4%","4.8%","6.5%","7.1%","(X)","48,330","","30,386","17,087","24,248","30,385","42,181","52,373","","16.1%"
"    Male","","","","","","","","","","","","","","","","","","","","","","",""
"        Estimate","1,638,432","30,560","1,057,385","1.7%","3.9%","14.9%","18.7%","20.7%","15.5%","5.7%","8.5%","10.2%","41,415","56,025","","35,248","20,612","29,384","36,379","52,968","67,366","","(X)"
"    Female","","","","","","","","","","","","","","","","","","","","","","",""
"        Estimate","1,516,924","21,916","855,336","2.4%","6.6%","23.2%","23.4%","22.9%","10.7%","3.6%","4.1%","3.2%","31,854","38,818","","25,595","13,031","20,168","25,684","36,325","46,376","","(X)"
"Texas","","","","","","","","","","","","","","","","","","","","","","",""
"    Total","","","","","","","","","","","","","","","","","","","","","","",""
"        Estimate","12,791,476","27,034","8,236,506","2.6%","6.4%","18.5%","16.8%","19.8%","13.5%","5.2%","7.7%","9.5%","(X)","51,495","","31,799","17,551","25,536","31,899","49,322","61,591","","18.0%"
"    Male","","","","","","","","","","","","","","","","","","","","","","",""
"        Estimate","6,899,423","31,550","4,741,488","2.1%","5.0%","16.4%","15.5%","18.7%","14.0%","5.8%","9.3%","13.3%","42,044","58,958","","37,206","21,366","30,744","38,898","60,868","79,961","","(X)"
"    Female","","","","","","","","","","","","","","","","","","","","","","",""
"        Estimate","5,892,053","22,266","3,495,018","3.2%","8.2%","21.3%","18.6%","21.4%","12.9%","4.3%","5.7%","4.4%","33,689","41,371","","26,667","12,690","20,653","27,056","42,180","51,362","","(X)"
"Utah","","","","","","","","","","","","","","","","","","","","","","",""
"    Total","","","","","","","","","","","","","","","","","","","","","","",""
"        Estimate","1,407,029","25,958","804,804","2.5%","4.3%","15.4%","17.9%","22.2%","15.7%","5.6%","8.3%","8.0%","(X)","51,281","","32,242","21,220","26,724","30,658","41,156","62,085","","13.8%"
"    Male","","","","","","","","","","","","","","","","","","","","","","",""
"        Estimate","777,066","34,024","508,502","1.7%","3.4%","11.7%","15.0%","22.2%","17.7%","6.7%","10.6%","10.9%","46,609","58,579","","41,181","24,521","33,473","39,524","51,586","74,857","","(X)"
"    Female","","","","","","","","","","","","","","","","","","","","","","",""
"        Estimate","629,963","18,955","296,302","3.9%","5.7%","21.9%","23.0%","22.3%","12.3%","3.8%","4.3%","2.9%","32,163","38,757","","23,447","17,324","20,406","22,087","30,195","50,002","","(X)"
"Vermont","","","","","","","","","","","","","","","","","","","","","","",""
"    Total","","","","","","","","","","","","","","","","","","","","","","",""
"        Estimate","372,984","27,111","206,066","2.4%","3.6%","13.4%","20.7%","24.0%","16.1%","5.3%","7.4%","7.1%","(X)","50,287","","31,927","17,769","27,020","30,999","38,534","53,899","","14.3%"
"    Male","","","","","","","","","","","","","","","","","","","","","","",""
"        Estimate","191,835","31,226","116,509","2.2%","3.1%","10.5%","18.3%","25.6%","16.3%","5.7%","8.4%","9.8%","42,562","56,411","","37,484","20,693","30,984","38,809","48,257","65,380","","(X)"
"    Female","","","","","","","","","","","","","","","","","","","","","","",""
"        Estimate","181,149","22,816","89,557","2.6%","4.2%","17.1%","23.8%","22.0%","15.9%","4.8%","6.0%","3.5%","35,891","42,320","","27,590","15,348","22,451","25,566","32,232","47,237","","(X)"
"Virginia","","","","","","","","","","","","","","","","","","","","","","",""
"    Total","","","","","","","","","","","","","","","","","","","","","","",""
"        Estimate","4,393,783","32,527","2,875,911","1.7%","3.4%","13.1%","15.3%","20.1%","14.3%","6.5%","9.9%","15.6%","(X)","61,669","","39,480","20,392","27,801","35,552","52,876","75,523","","16.6%"
"    Male","","","","","","","","","","","","","","","","","","","","","","",""
"        Estimate","2,277,754","40,326","1,626,782","1.4%","2.5%","11.0%","13.6%","18.6%","14.4%","7.0%","11.1%","20.5%","51,597","70,052","","46,505","24,175","33,376","42,546","68,639","97,470","","(X)"
"    Female","","","","","","","","","","","","","","","","","","","","","","",""
"        Estimate","2,116,029","27,072","1,249,129","2.1%","4.5%","16.0%","17.4%","22.1%","14.3%","5.9%","8.4%","9.3%","40,669","50,751","","31,813","15,595","22,225","29,573","43,007","59,439","","(X)"
"Washington","","","","","","","","","","","","","","","","","","","","","","",""
"    Total","","","","","","","","","","","","","","","","","","","","","","",""
"        Estimate","3,585,561","31,370","2,084,765","1.9%","2.9%","12.2%","14.9%","21.5%","16.1%","7.2%","10.9%","12.3%","(X)","58,856","","36,766","19,291","29,611","35,147","50,558","62,865","","13.1%"
"    Male","","","","","","","","","","","","","","","","","","","","","","",""
"        Estimate","1,914,255","38,008","1,220,696","1.5%","2.4%","9.9%","12.2%","19.8%","16.7%","8.0%","13.1%","16.4%","52,080","66,762","","44,352","21,870","34,975","41,702","62,271","79,740","","(X)"
"    Female","","","","","","","","","","","","","","","","","","","","","","",""
"        Estimate","1,671,306","25,385","864,069","2.5%","3.6%","15.6%","18.8%","24.0%","15.2%","6.0%","7.8%","6.4%","40,246","47,686","","30,491","14,725","22,794","28,983","40,054","52,160","","(X)"
"West Virginia","","","","","","","","","","","","","","","","","","","","","","",""
"    Total","","","","","","","","","","","","","","","","","","","","","","",""
"        Estimate","850,974","25,475","527,961","3.1%","5.4%","20.0%","19.2%","21.0%","13.7%","5.3%","7.2%","5.1%","(X)","44,400","","29,690","18,589","25,595","27,923","39,750","50,661","","15.6%"
"    Male","","","","","","","","","","","","","","","","","","","","","","",""
"        Estimate","450,111","31,598","299,916","2.5%","3.9%","14.1%","17.7%","20.4%","16.8%","7.1%","10.5%","7.1%","42,126","51,293","","36,215","23,666","31,944","36,316","48,073","60,882","","(X)"
"    Female","","","","","","","","","","","","","","","","","","","","","","",""
"        Estimate","400,863","20,583","228,045","3.9%","7.3%","27.6%","21.3%","21.8%","9.7%","3.0%","2.8%","2.5%","29,651","35,335","","23,279","13,165","19,191","23,363","33,679","44,623","","(X)"
"Wisconsin","","","","","","","","","","","","","","","","","","","","","","",""
"    Total","","","","","","","","","","","","","","","","","","","","","","",""
"        Estimate","3,176,797","28,181","1,843,792","2.5%","3.6%","13.8%","19.3%","24.4%","16.1%","5.5%","7.7%","7.1%","(X)","50,242","","32,717","19,473","27,342","31,798","44,534","59,962","","14.6%"
"    Male","","","","","","","","","","","","","","","","","","","","","","",""
"        Estimate","1,645,326","33,248","1,044,649","2.4%","3.1%","10.4%","16.0%","24.1%","17.8%","6.5%","9.7%","10.1%","45,523","56,942","","40,041","22,171","32,589","39,618","54,480","71,312","","(X)"
"    Female","","","","","","","","","","","","","","","","","","","","","","",""
"        Estimate","1,531,471","23,393","799,143","2.6%","4.3%","18.3%","23.5%","24.9%","13.8%","4.3%","5.0%","3.2%","35,490","41,483","","27,512","14,398","21,797","26,803","36,727","51,782","","(X)"
"Wyoming","","","","","","","","","","","","","","","","","","","","","","",""
"    Total","","","","","","","","","","","","","","","","","","","","","","",""
"        Estimate","328,497","28,739","201,799","2.2%","3.5%","15.5%","15.8%","22.2%","17.0%","7.9%","9.1%","6.8%","(X)","50,139","","35,108","23,787","30,173","31,748","44,737","56,550","","14.4%"
"    Male","","","","","","","","","","","","","","","","","","","","","","",""
"        Estimate","180,027","37,153","118,648","1.9%","2.3%","9.8%","11.9%","21.8%","19.2%","10.0%","13.4%","9.7%","50,854","57,714","","44,127","28,168","41,185","41,711","50,788","60,872","","(X)"
"    Female","","","","","","","","","","","","","","","","","","","","","","",""
"        Estimate","148,470","22,650","83,151","2.7%","5.1%","23.7%","21.3%","22.7%","13.9%","5.0%","2.9%","2.6%","32,426","39,330","","25,360","11,007","20,822","24,677","36,657","53,405","","(X)"